name,province_id
ADAMS,1
BACARRA,1
BADOC,1
BANGUI,1
CITY OF BATAC,1
BURGOS,1
CARASI,1
CURRIMAO,1
DINGRAS,1
DUMALNEG,1
BANNA (ESPIRITU),1
LAOAG CITY (Capital),1
MARCOS,1
NUEVA ERA,1
PAGUDPUD,1
PAOAY,1
PASUQUIN,1
PIDDIG,1
PINILI,1
SAN NICOLAS,1
SARRAT,1
SOLSONA,1
VINTAR,1
ALILEM,2
BANAYOYO,2
BANTAY,2
BURGOS,2
CABUGAO,2
CITY OF CANDON,2
CAOAYAN,2
CERVANTES,2
GALIMUYOD,2
GREGORIO DEL PILAR (CONCEPCION),2
LIDLIDDA,2
MAGSINGAL,2
NAGBUKEL,2
NARVACAN,2
QUIRINO (ANGKAKI),2
SALCEDO (BAUGEN),2
SAN EMILIO,2
SAN ESTEBAN,2
SAN ILDEFONSO,2
SAN JUAN (LAPOG),2
SAN VICENTE,2
SANTA,2
SANTA CATALINA,2
SANTA CRUZ,2
SANTA LUCIA,2
SANTA MARIA,2
SANTIAGO,2
SANTO DOMINGO,2
SIGAY,2
SINAIT,2
SUGPON,2
SUYO,2
TAGUDIN,2
CITY OF VIGAN (Capital),2
AGOO,3
ARINGAY,3
BACNOTAN,3
BAGULIN,3
BALAOAN,3
BANGAR,3
BAUANG,3
BURGOS,3
CABA,3
LUNA,3
NAGUILIAN,3
PUGO,3
ROSARIO,3
CITY OF SAN FERNANDO (Capital),3
SAN GABRIEL,3
SAN JUAN,3
SANTO TOMAS,3
SANTOL,3
SUDIPEN,3
TUBAO,3
AGNO,4
AGUILAR,4
CITY OF ALAMINOS,4
ALCALA,4
ANDA,4
ASINGAN,4
BALUNGAO,4
BANI,4
BASISTA,4
BAUTISTA,4
BAYAMBANG,4
BINALONAN,4
BINMALEY,4
BOLINAO,4
BUGALLON,4
BURGOS,4
CALASIAO,4
DAGUPAN CITY,4
DASOL,4
INFANTA,4
LABRADOR,4
LINGAYEN (Capital),4
MABINI,4
MALASIQUI,4
MANAOAG,4
MANGALDAN,4
MANGATAREM,4
MAPANDAN,4
NATIVIDAD,4
POZORRUBIO,4
ROSALES,4
SAN CARLOS CITY,4
SAN FABIAN,4
SAN JACINTO,4
SAN MANUEL,4
SAN NICOLAS,4
SAN QUINTIN,4
SANTA BARBARA,4
SANTA MARIA,4
SANTO TOMAS,4
SISON,4
SUAL,4
TAYUG,4
UMINGAN,4
URBIZTONDO,4
CITY OF URDANETA,4
VILLASIS,4
LAOAC,4
BASCO (Capital),5
ITBAYAT,5
IVANA,5
MAHATAO,5
SABTANG,5
UYUGAN,5
ABULUG,6
ALCALA,6
ALLACAPAN,6
AMULUNG,6
APARRI,6
BAGGAO,6
BALLESTEROS,6
BUGUEY,6
CALAYAN,6
CAMALANIUGAN,6
CLAVERIA,6
ENRILE,6
GATTARAN,6
GONZAGA,6
IGUIG,6
LAL-LO,6
LASAM,6
PAMPLONA,6
PENABLANCA,6
PIAT,6
RIZAL,6
SANCHEZ-MIRA,6
SANTA ANA,6
SANTA PRAXEDES,6
SANTA TERESITA,6
SANTO NINO (FAIRE),6
SOLANA,6
TUAO,6
TUGUEGARAO CITY (Capital),6
ALICIA,7
ANGADANAN,7
AURORA,7
BENITO SOLIVEN,7
BURGOS,7
CABAGAN,7
CABATUAN,7
CITY OF CAUAYAN,7
CORDON,7
DINAPIGUE,7
DIVILACAN,7
ECHAGUE,7
GAMU,7
ILAGAN CITY (Capital),7
JONES,7
LUNA,7
MACONACON,7
DELFIN ALBANO (MAGSAYSAY),7
MALLIG,7
NAGUILIAN,7
PALANAN,7
QUEZON,7
QUIRINO,7
RAMON,7
REINA MERCEDES,7
ROXAS,7
SAN AGUSTIN,7
SAN GUILLERMO,7
SAN ISIDRO,7
SAN MANUEL,7
SAN MARIANO,7
SAN MATEO,7
SAN PABLO,7
SANTA MARIA,7
CITY OF SANTIAGO,7
SANTO TOMAS,7
TUMAUINI,7
AMBAGUIO,8
ARITAO,8
BAGABAG,8
BAMBANG,8
BAYOMBONG (Capital),8
DIADI,8
DUPAX DEL NORTE,8
DUPAX DEL SUR,8
KASIBU,8
KAYAPA,8
QUEZON,8
SANTA FE,8
SOLANO,8
VILLAVERDE,8
ALFONSO CASTANEDA,8
AGLIPAY,9
CABARROGUIS (Capital),9
DIFFUN,9
MADDELA,9
SAGUDAY,9
NAGTIPUNAN,9
ABUCAY,10
BAGAC,10
CITY OF BALANGA (Capital),10
DINALUPIHAN,10
HERMOSA,10
LIMAY,10
MARIVELES,10
MORONG,10
ORANI,10
ORION,10
PILAR,10
SAMAL,10
ANGAT,11
BALAGTAS (BIGAA),11
BALIUAG,11
BOCAUE,11
BULACAN,11
BUSTOS,11
CALUMPIT,11
GUIGUINTO,11
HAGONOY,11
CITY OF MALOLOS (Capital),11
MARILAO,11
CITY OF MEYCAUAYAN,11
NORZAGARAY,11
OBANDO,11
PANDI,11
PAOMBONG,11
PLARIDEL,11
PULILAN,11
SAN ILDEFONSO,11
CITY OF SAN JOSE DEL MONTE,11
SAN MIGUEL,11
SAN RAFAEL,11
SANTA MARIA,11
DONA REMEDIOS TRINIDAD,11
ALIAGA,12
BONGABON,12
CABANATUAN CITY,12
CABIAO,12
CARRANGLAN,12
CUYAPO,12
GABALDON (BITULOK & SABANI),12
CITY OF GAPAN,12
GENERAL MAMERTO NATIVIDAD,12
GENERAL TINIO (PAPAYA),12
GUIMBA,12
JAEN,12
LAUR,12
LICAB,12
LLANERA,12
LUPAO,12
SCIENCE CITY OF MUNOZ,12
NAMPICUAN,12
PALAYAN CITY (Capital),12
PANTABANGAN,12
PENARANDA,12
QUEZON,12
RIZAL,12
SAN ANTONIO,12
SAN ISIDRO,12
SAN JOSE CITY,12
SAN LEONARDO,12
SANTA ROSA,12
SANTO DOMINGO,12
TALAVERA,12
TALUGTUG,12
ZARAGOZA,12
ANGELES CITY,13
APALIT,13
ARAYAT,13
BACOLOR,13
CANDABA,13
FLORIDABLANCA,13
GUAGUA,13
LUBAO,13
MABALACAT CITY,13
MACABEBE,13
MAGALANG,13
MASANTOL,13
MEXICO,13
MINALIN,13
PORAC,13
CITY OF SAN FERNANDO (Capital),13
SAN LUIS,13
SAN SIMON,13
SANTA ANA,13
SANTA RITA,13
SANTO TOMAS,13
SASMUAN (Sexmoan),13
ANAO,14
BAMBAN,14
CAMILING,14
CAPAS,14
CONCEPCION,14
GERONA,14
LA PAZ,14
MAYANTOC,14
MONCADA,14
PANIQUI,14
PURA,14
RAMOS,14
SAN CLEMENTE,14
SAN MANUEL,14
SANTA IGNACIA,14
CITY OF TARLAC (Capital),14
VICTORIA,14
SAN JOSE,14
BOTOLAN,15
CABANGAN,15
CANDELARIA,15
CASTILLEJOS,15
IBA (Capital),15
MASINLOC,15
OLONGAPO CITY,15
PALAUIG,15
SAN ANTONIO,15
SAN FELIPE,15
SAN MARCELINO,15
SAN NARCISO,15
SANTA CRUZ,15
SUBIC,15
BALER (Capital),16
CASIGURAN,16
DILASAG,16
DINALUNGAN,16
DINGALAN,16
DIPACULAO,16
MARIA AURORA,16
SAN LUIS,16
AGONCILLO,17
ALITAGTAG,17
BALAYAN,17
BALETE,17
BATANGAS CITY (Capital),17
BAUAN,17
CALACA,17
CALATAGAN,17
CUENCA,17
IBAAN,17
LAUREL,17
LEMERY,17
LIAN,17
LIPA CITY,17
LOBO,17
MABINI,17
MALVAR,17
MATAASNAKAHOY,17
NASUGBU,17
PADRE GARCIA,17
ROSARIO,17
SAN JOSE,17
SAN JUAN,17
SAN LUIS,17
SAN NICOLAS,17
SAN PASCUAL,17
SANTA TERESITA,17
SANTO TOMAS,17
TAAL,17
TALISAY,17
CITY OF TANAUAN,17
TAYSAN,17
TINGLOY,17
TUY,17
ALFONSO,18
AMADEO,18
BACOOR CITY,18
CARMONA,18
CAVITE CITY,18
CITY OF DASMARINAS,18
GENERAL EMILIO AGUINALDO,18
CITY OF GENERAL TRIAS,18
IMUS CITY,18
INDANG,18
KAWIT,18
MAGALLANES,18
MARAGONDON,18
MENDEZ (MENDEZ-NUNEZ),18
NAIC,18
NOVELETA,18
ROSARIO,18
SILANG,18
TAGAYTAY CITY,18
TANZA,18
TERNATE,18
TRECE MARTIRES CITY (Capital),18
GEN. MARIANO ALVAREZ,18
ALAMINOS,19
BAY,19
CITY OF BINAN,19
CABUYAO CITY,19
CITY OF CALAMBA,19
CALAUAN,19
CAVINTI,19
FAMY,19
KALAYAAN,19
LILIW,19
LOS BANOS,19
LUISIANA,19
LUMBAN,19
MABITAC,19
MAGDALENA,19
MAJAYJAY,19
NAGCARLAN,19
PAETE,19
PAGSANJAN,19
PAKIL,19
PANGIL,19
PILA,19
RIZAL,19
SAN PABLO CITY,19
CITY OF SAN PEDRO,19
SANTA CRUZ (Capital),19
SANTA MARIA,19
CITY OF SANTA ROSA,19
SINILOAN,19
VICTORIA,19
AGDANGAN,20
ALABAT,20
ATIMONAN,20
BUENAVISTA,20
BURDEOS,20
CALAUAG,20
CANDELARIA,20
CATANAUAN,20
DOLORES,20
GENERAL LUNA,20
GENERAL NAKAR,20
GUINAYANGAN,20
GUMACA,20
INFANTA,20
JOMALIG,20
LOPEZ,20
LUCBAN,20
LUCENA CITY (Capital),20
MACALELON,20
MAUBAN,20
MULANAY,20
PADRE BURGOS,20
PAGBILAO,20
PANUKULAN,20
PATNANUNGAN,20
PEREZ,20
PITOGO,20
PLARIDEL,20
POLILLO,20
QUEZON,20
REAL,20
SAMPALOC,20
SAN ANDRES,20
SAN ANTONIO,20
SAN FRANCISCO (AURORA),20
SAN NARCISO,20
SARIAYA,20
TAGKAWAYAN,20
CITY OF TAYABAS,20
TIAONG,20
UNISAN,20
ANGONO,21
CITY OF ANTIPOLO,21
BARAS,21
BINANGONAN,21
CAINTA,21
CARDONA,21
JALA-JALA,21
RODRIGUEZ (MONTALBAN),21
MORONG,21
PILILLA,21
SAN MATEO,21
TANAY,21
TAYTAY,21
TERESA,21
BOAC (Capital),22
BUENAVISTA,22
GASAN,22
MOGPOG,22
SANTA CRUZ,22
TORRIJOS,22
ABRA DE ILOG,23
CALINTAAN,23
LOOC,23
LUBANG,23
MAGSAYSAY,23
MAMBURAO (Capital),23
PALUAN,23
RIZAL,23
SABLAYAN,23
SAN JOSE,23
SANTA CRUZ,23
BACO,24
BANSUD,24
BONGABONG,24
BULALACAO (SAN PEDRO),24
CITY OF CALAPAN (Capital),24
GLORIA,24
MANSALAY,24
NAUJAN,24
PINAMALAYAN,24
POLA,24
PUERTO GALERA,24
ROXAS,24
SAN TEODORO,24
SOCORRO,24
VICTORIA,24
ABORLAN,25
AGUTAYA,25
ARACELI,25
BALABAC,25
BATARAZA,25
BROOKE'S POINT,25
BUSUANGA,25
CAGAYANCILLO,25
CORON,25
CUYO,25
DUMARAN,25
EL NIDO (BACUIT),25
LINAPACAN,25
MAGSAYSAY,25
NARRA,25
PUERTO PRINCESA CITY (Capital),25
QUEZON,25
ROXAS,25
SAN VICENTE,25
TAYTAY,25
KALAYAAN,25
CULION,25
RIZAL (MARCOS),25
SOFRONIO ESPANOLA,25
ALCANTARA,26
BANTON,26
CAJIDIOCAN,26
CALATRAVA,26
CONCEPCION,26
CORCUERA,26
LOOC,26
MAGDIWANG,26
ODIONGAN,26
ROMBLON (Capital),26
SAN AGUSTIN,26
SAN ANDRES,26
SAN FERNANDO,26
SAN JOSE,26
SANTA FE,26
FERROL,26
SANTA MARIA (IMELDA),26
BACACAY,27
CAMALIG,27
DARAGA (LOCSIN),27
GUINOBATAN,27
JOVELLAR,27
LEGAZPI CITY (Capital),27
LIBON,27
CITY OF LIGAO,27
MALILIPOT,27
MALINAO,27
MANITO,27
OAS,27
PIO DURAN,27
POLANGUI,27
RAPU-RAPU,27
SANTO DOMINGO (LIBOG),27
CITY OF TABACO,27
TIWI,27
BASUD,28
CAPALONGA,28
DAET (Capital),28
SAN LORENZO RUIZ (IMELDA),28
JOSE PANGANIBAN,28
LABO,28
MERCEDES,28
PARACALE,28
SAN VICENTE,28
SANTA ELENA,28
TALISAY,28
VINZONS,28
BAAO,29
BALATAN,29
BATO,29
BOMBON,29
BUHI,29
BULA,29
CABUSAO,29
CALABANGA,29
CAMALIGAN,29
CANAMAN,29
CARAMOAN,29
DEL GALLEGO,29
GAINZA,29
GARCHITORENA,29
GOA,29
IRIGA CITY,29
LAGONOY,29
LIBMANAN,29
LUPI,29
MAGARAO,29
MILAOR,29
MINALABAC,29
NABUA,29
NAGA CITY,29
OCAMPO,29
PAMPLONA,29
PASACAO,29
PILI (Capital),29
PRESENTACION (PARUBCAN),29
RAGAY,29
SAGNAY,29
SAN FERNANDO,29
SAN JOSE,29
SIPOCOT,29
SIRUMA,29
TIGAON,29
TINAMBAC,29
BAGAMANOC,30
BARAS,30
BATO,30
CARAMORAN,30
GIGMOTO,30
PANDAN,30
PANGANIBAN (PAYO),30
SAN ANDRES (CALOLBON),30
SAN MIGUEL,30
VIGA,30
VIRAC (Capital),30
AROROY,31
BALENO,31
BALUD,31
BATUAN,31
CATAINGAN,31
CAWAYAN,31
CLAVERIA,31
DIMASALANG,31
ESPERANZA,31
MANDAON,31
CITY OF MASBATE (Capital),31
MILAGROS,31
MOBO,31
MONREAL,31
PALANAS,31
PIO V. CORPUZ (LIMBUHAN),31
PLACER,31
SAN FERNANDO,31
SAN JACINTO,31
SAN PASCUAL,31
USON,31
BARCELONA,32
BULAN,32
BULUSAN,32
CASIGURAN,32
CASTILLA,32
DONSOL,32
GUBAT,32
IROSIN,32
JUBAN,32
MAGALLANES,32
MATNOG,32
PILAR,32
PRIETO DIAZ,32
SANTA MAGDALENA,32
CITY OF SORSOGON (Capital),32
ALTAVAS,33
BALETE,33
BANGA,33
BATAN,33
BURUANGA,33
IBAJAY,33
KALIBO (Capital),33
LEZO,33
LIBACAO,33
MADALAG,33
MAKATO,33
MALAY,33
MALINAO,33
NABAS,33
NEW WASHINGTON,33
NUMANCIA,33
TANGALAN,33
ANINI-Y,34
BARBAZA,34
BELISON,34
BUGASONG,34
CALUYA,34
CULASI,34
TOBIAS FORNIER (DAO),34
HAMTIC,34
LAUA-AN,34
LIBERTAD,34
PANDAN,34
PATNONGON,34
SAN JOSE (Capital),34
SAN REMIGIO,34
SEBASTE,34
SIBALOM,34
TIBIAO,34
VALDERRAMA,34
CUARTERO,35
DAO,35
DUMALAG,35
DUMARAO,35
IVISAN,35
JAMINDAN,35
MA-AYON,35
MAMBUSAO,35
PANAY,35
PANITAN,35
PILAR,35
PONTEVEDRA,35
PRESIDENT ROXAS,35
ROXAS CITY (Capital),35
SAPI-AN,35
SIGMA,35
TAPAZ,35
AJUY,36
ALIMODIAN,36
ANILAO,36
BADIANGAN,36
BALASAN,36
BANATE,36
BAROTAC NUEVO,36
BAROTAC VIEJO,36
BATAD,36
BINGAWAN,36
CABATUAN,36
CALINOG,36
CARLES,36
CONCEPCION,36
DINGLE,36
DUENAS,36
DUMANGAS,36
ESTANCIA,36
GUIMBAL,36
IGBARAS,36
ILOILO CITY (Capital),36
JANIUAY,36
LAMBUNAO,36
LEGANES,36
LEMERY,36
LEON,36
MAASIN,36
MIAGAO,36
MINA,36
NEW LUCENA,36
OTON,36
CITY OF PASSI,36
PAVIA,36
POTOTAN,36
SAN DIONISIO,36
SAN ENRIQUE,36
SAN JOAQUIN,36
SAN MIGUEL,36
SAN RAFAEL,36
SANTA BARBARA,36
SARA,36
TIGBAUAN,36
TUBUNGAN,36
ZARRAGA,36
BUENAVISTA,37
JORDAN (Capital),37
NUEVA VALENCIA,37
SAN LORENZO,37
SIBUNAG,37
ALBURQUERQUE,38
ALICIA,38
ANDA,38
ANTEQUERA,38
BACLAYON,38
BALILIHAN,38
BATUAN,38
BILAR,38
BUENAVISTA,38
CALAPE,38
CANDIJAY,38
CARMEN,38
CATIGBIAN,38
CLARIN,38
CORELLA,38
CORTES,38
DAGOHOY,38
DANAO,38
DAUIS,38
DIMIAO,38
DUERO,38
GARCIA HERNANDEZ,38
GUINDULMAN,38
INABANGA,38
JAGNA,38
GETAFE,38
LILA,38
LOAY,38
LOBOC,38
LOON,38
MABINI,38
MARIBOJOC,38
PANGLAO,38
PILAR,38
PRES. CARLOS P. GARCIA (PITOGO),38
SAGBAYAN (BORJA),38
SAN ISIDRO,38
SAN MIGUEL,38
SEVILLA,38
SIERRA BULLONES,38
SIKATUNA,38
TAGBILARAN CITY (Capital),38
TALIBON,38
TRINIDAD,38
TUBIGON,38
UBAY,38
VALENCIA,38
BIEN UNIDO,38
ALCANTARA,39
ALCOY,39
ALEGRIA,39
ALOGUINSAN,39
ARGAO,39
ASTURIAS,39
BADIAN,39
BALAMBAN,39
BANTAYAN,39
BARILI,39
CITY OF BOGO,39
BOLJOON,39
BORBON,39
CITY OF CARCAR,39
CARMEN,39
CATMON,39
CEBU CITY (Capital),39
COMPOSTELA,39
CONSOLACION,39
CORDOVA,39
DAANBANTAYAN,39
DALAGUETE,39
DANAO CITY,39
DUMANJUG,39
GINATILAN,39
LAPU-LAPU CITY (OPON),39
LILOAN,39
MADRIDEJOS,39
MALABUYOC,39
MANDAUE CITY,39
MEDELLIN,39
MINGLANILLA,39
MOALBOAL,39
CITY OF NAGA,39
OSLOB,39
PILAR,39
PINAMUNGAHAN,39
PORO,39
RONDA,39
SAMBOAN,39
SAN FERNANDO,39
SAN FRANCISCO,39
SAN REMIGIO,39
SANTA FE,39
SANTANDER,39
SIBONGA,39
SOGOD,39
TABOGON,39
TABUELAN,39
CITY OF TALISAY,39
TOLEDO CITY,39
TUBURAN,39
TUDELA,39
ENRIQUE VILLANUEVA,40
LARENA,40
LAZI,40
MARIA  ,40
SAN JUAN,40
SIQUIJOR (Capital),40
ARTECHE,41
BALANGIGA,41
BALANGKAYAN,41
CITY OF BORONGAN (Capital),41
CAN-AVID,41
DOLORES,41
GENERAL MACARTHUR,41
GIPORLOS,41
GUIUAN,41
HERNANI,41
JIPAPAD,41
LAWAAN,41
LLORENTE,41
MASLOG,41
MAYDOLONG,41
MERCEDES,41
ORAS,41
QUINAPONDAN,41
SALCEDO,41
SAN JULIAN,41
SAN POLICARPO,41
SULAT,41
TAFT,41
ABUYOG,42
ALANGALANG,42
ALBUERA,42
BABATNGON,42
BARUGO,42
BATO,42
CITY OF BAYBAY,42
BURAUEN,42
CALUBIAN,42
CAPOOCAN,42
CARIGARA,42
DAGAMI,42
DULAG,42
HILONGOS,42
HINDANG,42
INOPACAN,42
ISABEL,42
JARO,42
JAVIER (BUGHO),42
JULITA,42
KANANGA,42
LA PAZ,42
LEYTE,42
MACARTHUR,42
MAHAPLAG,42
MATAG-OB,42
MATALOM,42
MAYORGA,42
MERIDA,42
ORMOC CITY,42
PALO,42
PALOMPON,42
PASTRANA,42
SAN ISIDRO,42
SAN MIGUEL,42
SANTA FE,42
TABANGO,42
TABONTABON,42
TACLOBAN CITY (Capital),42
TANAUAN,42
TOLOSA,42
TUNGA,42
VILLABA,42
ALLEN,43
BIRI,43
BOBON,43
CAPUL,43
CATARMAN (Capital),43
CATUBIG,43
GAMAY,43
LAOANG,43
LAPINIG,43
LAS NAVAS,43
LAVEZARES,43
MAPANAS,43
MONDRAGON,43
PALAPAG,43
PAMBUJAN,43
ROSARIO,43
SAN ANTONIO,43
SAN ISIDRO,43
SAN JOSE,43
SAN ROQUE,43
SAN VICENTE,43
SILVINO LOBOS,43
VICTORIA,43
LOPE DE VEGA,43
ALMAGRO,44
BASEY,44
CALBAYOG CITY,44
CALBIGA,44
CITY OF CATBALOGAN (Capital),44
DARAM,44
GANDARA,44
HINABANGAN,44
JIABONG,44
MARABUT,44
MATUGUINAO,44
MOTIONG,44
PINABACDAO,44
SAN JOSE DE BUAN,44
SAN SEBASTIAN,44
SANTA MARGARITA,44
SANTA RITA,44
SANTO NINO,44
TALALORA,44
TARANGNAN,44
VILLAREAL,44
PARANAS (WRIGHT),44
ZUMARRAGA,44
TAGAPUL-AN,44
SAN JORGE,44
PAGSANGHAN,44
ANAHAWAN,45
BONTOC,45
HINUNANGAN,45
HINUNDAYAN,45
LIBAGON,45
LILOAN,45
CITY OF MAASIN (Capital),45
MACROHON,45
MALITBOG,45
PADRE BURGOS,45
PINTUYAN,45
SAINT BERNARD,45
SAN FRANCISCO,45
SAN JUAN (CABALIAN),45
SAN RICARDO,45
SILAGO,45
SOGOD,45
TOMAS OPPUS,45
LIMASAWA,45
ALMERIA,45
BILIRAN,46
CABUCGAYAN,46
CAIBIRAN,46
CULABA,46
KAWAYAN,46
MARIPIPI,46
NAVAL (Capital),46
DAPITAN CITY,47
DIPOLOG CITY (Capital),47
KATIPUNAN,47
LA LIBERTAD,47
LABASON,47
LILOY,47
MANUKAN,47
MUTIA,47
PINAN (NEW PINAN),47
POLANCO,47
PRES. MANUEL A. ROXAS,47
RIZAL,47
SALUG,47
SERGIO OSMENA SR.,47
SIAYAN,47
SIBUCO,47
SIBUTAD,47
SINDANGAN,47
SIOCON,47
SIRAWAI,47
TAMPILISAN,47
JOSE DALMAN (PONOT),47
GUTALAC,47
BALIGUIAN,47
GODOD,47
BACUNGAN (Leon T. Postigo),47
KALAWIT,47
AURORA,48
BAYOG,48
DIMATALING,48
DINAS,48
DUMALINAO,48
DUMINGAG,48
KUMALARANG,48
LABANGAN,48
LAPUYAN,48
MAHAYAG,48
MARGOSATUBIG,48
MIDSALIP,48
MOLAVE,48
PAGADIAN CITY (Capital),48
RAMON MAGSAYSAY (LIARGO),48
SAN MIGUEL,48
SAN PABLO,48
TABINA,48
TAMBULIG,48
TUKURAN,48
ZAMBOANGA CITY,49
LAKEWOOD,48
JOSEFINA,48
PITOGO,48
SOMINOT (DON MARIANO MARCOS),48
VINCENZO A. SAGUN,48
GUIPOS,48
TIGBAO,48
ALICIA,50
BUUG,50
DIPLAHAN,50
IMELDA,50
IPIL (Capital),50
KABASALAN,50
MABUHAY,50
MALANGAS,50
NAGA,50
OLUTANGA,50
PAYAO,50
ROSELLER LIM,50
SIAY,50
TALUSAN,50
TITAY,50
TUNGAWAN,50
CITY OF ISABELA,51
BAUNGON,52
DAMULOG,52
DANGCAGAN,52
DON CARLOS,52
IMPASUG-ONG,52
KADINGILAN,52
KALILANGAN,52
KIBAWE,52
KITAOTAO,52
LANTAPAN,52
LIBONA,52
CITY OF MALAYBALAY (Capital),52
MALITBOG,52
MANOLO FORTICH,52
MARAMAG,52
PANGANTUCAN,52
QUEZON,52
SAN FERNANDO,52
SUMILAO,52
TALAKAG,52
CITY OF VALENCIA,52
CABANGLASAN,52
CATARMAN,53
GUINSILIBAN,53
MAHINOG,53
MAMBAJAO (Capital),53
SAGAY,53
BACOLOD,54
BALOI,54
BAROY,54
ILIGAN CITY,54
KAPATAGAN,54
SULTAN NAGA DIMAPORO (KAROMATAN),54
KAUSWAGAN,54
KOLAMBUGAN,54
LALA,54
LINAMON,54
MAGSAYSAY,54
MAIGO,54
MATUNGAO,54
MUNAI,54
NUNUNGAN,54
PANTAO RAGAT,54
POONA PIAGAPO,54
SALVADOR,54
SAPAD,54
TAGOLOAN,54
TANGCAL,54
TUBOD (Capital),54
PANTAR,54
ALORAN,55
BALIANGAO,55
BONIFACIO,55
CALAMBA,55
CLARIN,55
CONCEPCION,55
JIMENEZ,55
LOPEZ JAENA,55
OROQUIETA CITY (Capital),55
OZAMIS CITY,55
PANAON,55
PLARIDEL,55
SAPANG DALAGA,55
SINACABAN,55
TANGUB CITY,55
TUDELA,55
DON VICTORIANO CHIONGBIAN  (DON MARIANO MARCOS),55
ALUBIJID,56
BALINGASAG,56
BALINGOAN,56
BINUANGAN,56
CAGAYAN DE ORO CITY (Capital),56
CLAVERIA,56
CITY OF EL SALVADOR,56
GINGOOG CITY,56
GITAGUM,56
INITAO,56
JASAAN,56
KINOGUITAN,56
LAGONGLONG,56
LAGUINDINGAN,56
LIBERTAD,56
LUGAIT,56
MAGSAYSAY (LINUGOS),56
MANTICAO,56
MEDINA,56
NAAWAN,56
OPOL,56
SALAY,56
SUGBONGCOGON,56
TAGOLOAN,56
TALISAYAN,56
VILLANUEVA,56
ASUNCION (SAUG),57
CARMEN,57
KAPALONG,57
NEW CORELLA,57
CITY OF PANABO,57
ISLAND GARDEN CITY OF SAMAL,57
SANTO TOMAS,57
CITY OF TAGUM (Capital),57
TALAINGOD,57
BRAULIO E. DUJALI,57
SAN ISIDRO,57
BANSALAN,58
DAVAO CITY,59
CITY OF DIGOS (Capital),58
HAGONOY,58
KIBLAWAN,58
MAGSAYSAY,58
MALALAG,58
MATANAO,58
PADADA,58
SANTA CRUZ,58
SULOP,58
BAGANGA,60
BANAYBANAY,60
BOSTON,60
CARAGA,60
CATEEL,60
GOVERNOR GENEROSO,60
LUPON,60
MANAY,60
CITY OF MATI (Capital),60
SAN ISIDRO,60
TARRAGONA,60
COMPOSTELA,61
LAAK (SAN VICENTE),61
MABINI (DONA ALICIA),61
MACO,61
MARAGUSAN (SAN MARIANO),61
MAWAB,61
MONKAYO,61
MONTEVISTA,61
NABUNTURAN (Capital),61
NEW BATAAN,61
PANTUKAN,61
DON MARCELINO,62
JOSE ABAD SANTOS (TRINIDAD),62
MALITA,62
SANTA MARIA,62
SARANGANI,62
ALAMADA,63
CARMEN,63
KABACAN,63
CITY OF KIDAPAWAN (Capital),63
LIBUNGAN,63
MAGPET,63
MAKILALA,63
MATALAM,63
MIDSAYAP,63
M'LANG,63
PIGKAWAYAN,63
PIKIT,63
PRESIDENT ROXAS,63
TULUNAN,63
ANTIPAS,63
BANISILAN,63
ALEOSAN,63
ARAKAN,63
BANGA,64
GENERAL SANTOS CITY (DADIANGAS),65
CITY OF KORONADAL (Capital),64
NORALA,64
POLOMOLOK,64
SURALLAH,64
TAMPAKAN,64
TANTANGAN,64
T'BOLI,64
TUPI,64
SANTO NINO,64
LAKE SEBU,64
BAGUMBAYAN,66
COLUMBIO,66
ESPERANZA,66
ISULAN (Capital),66
KALAMANSIG,66
LEBAK,66
LUTAYAN,66
LAMBAYONG (MARIANO MARCOS),66
PALIMBANG,66
PRESIDENT QUIRINO,66
CITY OF TACURONG,66
SEN. NINOY AQUINO,66
ALABEL (Capital),67
GLAN,67
KIAMBA,67
MAASIM,67
MAITUM,67
MALAPATAN,67
MALUNGON,67
COTABATO CITY,68
TONDO I / II,69
BINONDO,69
QUIAPO,69
SAN NICOLAS,69
SANTA CRUZ,69
SAMPALOC,69
SAN MIGUEL,69
ERMITA,69
INTRAMUROS,69
MALATE,69
PACO,69
PANDACAN,69
PORT AREA,69
SANTA ANA,69
CITY OF MANDALUYONG,70
CITY OF MARIKINA,70
CITY OF PASIG,70
QUEZON CITY,70
CITY OF SAN JUAN,70
CALOOCAN CITY,71
CITY OF MALABON,71
CITY OF NAVOTAS,71
CITY OF VALENZUELA,71
CITY OF LAS PINAS,72
CITY OF MAKATI,72
CITY OF MUNTINLUPA,72
CITY OF PARANAQUE,72
PASAY CITY,72
PATEROS,72
TAGUIG CITY,72
BANGUED (Capital),73
BOLINEY,73
BUCAY,73
BUCLOC,73
DAGUIOMAN,73
DANGLAS,73
DOLORES,73
LA PAZ,73
LACUB,73
LAGANGILANG,73
LAGAYAN,73
LANGIDEN,73
LICUAN-BAAY (LICUAN),73
LUBA,73
MALIBCONG,73
MANABO,73
PENARRUBIA,73
PIDIGAN,73
PILAR,73
SALLAPADAN,73
SAN ISIDRO,73
SAN JUAN,73
SAN QUINTIN,73
TAYUM,73
TINEG,73
TUBO,73
VILLAVICIOSA,73
ATOK,74
BAGUIO CITY,74
BAKUN,74
BOKOD,74
BUGUIAS,74
ITOGON,74
KABAYAN,74
KAPANGAN,74
KIBUNGAN,74
LA TRINIDAD (Capital),74
MANKAYAN,74
SABLAN,74
TUBA,74
TUBLAY,74
BANAUE,75
HUNGDUAN,75
KIANGAN,75
LAGAWE (Capital),75
LAMUT,75
MAYOYAO,75
ALFONSO LISTA (POTIA),75
AGUINALDO,75
HINGYON,75
TINOC,75
ASIPULO,75
BALBALAN,76
LUBUAGAN,76
PASIL,76
PINUKPUK,76
RIZAL (LIWAN),76
CITY OF TABUK (Capital),76
TANUDAN,76
TINGLAYAN,76
BARLIG,77
BAUKO,77
BESAO,77
BONTOC (Capital),77
NATONIN,77
PARACELIS,77
SABANGAN,77
SADANGA,77
SAGADA,77
TADIAN,77
CALANASAN (BAYAG),78
CONNER,78
FLORA,78
KABUGAO (Capital),78
LUNA,78
PUDTOL,78
SANTA MARCELA,78
CITY OF LAMITAN,79
LANTAWAN,79
MALUSO,79
SUMISIP,79
TIPO-TIPO,79
TUBURAN,79
AKBAR,79
AL-BARKA,79
HADJI MOHAMMAD AJUL,79
UNGKAYA PUKAN,79
HADJI MUHTAMAD,79
TABUAN-LASA,79
BACOLOD-KALAWI (BACOLOD GRANDE),80
BALABAGAN,80
BALINDONG (WATU),80
BAYANG,80
BINIDAYAN,80
BUBONG,80
BUTIG,80
GANASSI,80
KAPAI,80
LUMBA-BAYABAO (MAGUING),80
LUMBATAN,80
MADALUM,80
MADAMBA,80
MALABANG,80
MARANTAO,80
MARAWI CITY (Capital),80
MASIU,80
MULONDO,80
PAGAYAWAN (TATARIKAN),80
PIAGAPO,80
POONA BAYABAO (GATA),80
PUALAS,80
DITSAAN-RAMAIN,80
SAGUIARAN,80
TAMPARAN,80
TARAKA,80
TUBARAN,80
TUGAYA,80
WAO,80
MAROGONG,80
CALANOGAS,80
BUADIPOSO-BUNTONG,80
MAGUING,80
PICONG (SULTAN GUMANDER),80
LUMBAYANAGUE,80
BUMBARAN,80
TAGOLOAN II,80
KAPATAGAN,80
SULTAN DUMALONDONG,80
LUMBACA-UNAYAN,80
AMPATUAN,81
BULDON,81
BULUAN,81
DATU PAGLAS,81
DATU PIANG,81
DATU ODIN SINSUAT (DINAIG),81
SHARIFF AGUAK (MAGANOY) (Capital),81
MATANOG,81
PAGALUNGAN,81
PARANG,81
SULTAN KUDARAT (NULING),81
SULTAN SA BARONGIS (LAMBAYONG),81
KABUNTALAN (TUMBAO),81
UPI,81
TALAYAN,81
SOUTH UPI,81
BARIRA,81
GEN. S.K. PENDATUN,81
MAMASAPANO,81
TALITAY,81
PAGAGAWAN,81
PAGLAT,81
SULTAN MASTURA,81
GUINDULUNGAN,81
DATU SAUDI-AMPATUAN,81
DATU UNSAY,81
DATU ABDULLAH SANGKI,81
RAJAH BUAYAN,81
DATU BLAH T. SINSUAT,81
DATU ANGGAL MIDTIMBANG,81
MANGUDADATU,81
PANDAG,81
NORTHERN KABUNTALAN,81
DATU HOFFER AMPATUAN,81
DATU SALIBO,81
SHARIFF SAYDONA MUSTAPHA,81
INDANAN,82
JOLO (Capital),82
KALINGALAN CALUANG,82
LUUK,82
MAIMBUNG,82
HADJI PANGLIMA TAHIL (MARUNGGAS),82
OLD PANAMAO,82
PANGUTARAN,82
PARANG,82
PATA,82
PATIKUL,82
SIASI,82
TALIPAO,82
TAPUL,82
TONGKIL,82
PANGLIMA ESTINO (NEW PANAMAO),82
LUGUS,82
PANDAMI,82
OMAR,82
PANGLIMA SUGALA (BALIMBING),83
BONGAO (Capital),83
MAPUN (CAGAYAN DE TAWI-TAWI),83
SIMUNUL,83
SITANGKAI,83
SOUTH UBIAN,83
TANDUBAS,83
TURTLE ISLANDS,83
LANGUYAN,83
SAPA-SAPA,83
SIBUTU,83
BUENAVISTA,84
BUTUAN CITY (Capital),84
CITY OF CABADBARAN,84
CARMEN,84
JABONGA,84
KITCHARAO,84
LAS NIEVES,84
MAGALLANES,84
NASIPIT,84
SANTIAGO,84
TUBAY,84
REMEDIOS T. ROMUALDEZ,84
CITY OF BAYUGAN,85
BUNAWAN,85
ESPERANZA,85
LA PAZ,85
LORETO,85
PROSPERIDAD (Capital),85
ROSARIO,85
SAN FRANCISCO,85
SAN LUIS,85
SANTA JOSEFA,85
TALACOGON,85
TRENTO,85
VERUELA,85
SIBAGAT,85
ALEGRIA,86
BACUAG,86
BURGOS,86
CLAVER,86
DAPA,86
DEL CARMEN,86
GENERAL LUNA,86
GIGAQUIT,86
MAINIT,86
MALIMONO,86
PILAR,86
PLACER,86
SAN BENITO,86
SAN FRANCISCO (ANAO-AON),86
SAN ISIDRO,86
SANTA MONICA (SAPAO),86
SISON,86
SOCORRO,86
SURIGAO CITY (Capital),86
TAGANA-AN,86
TUBOD,86
BAROBO,87
BAYABAS,87
CITY OF BISLIG,87
CAGWAIT,87
CANTILAN,87
CARMEN,87
CARRASCAL,87
CORTES,87
HINATUAN,87
LANUZA,87
LIANGA,87
LINGIG,87
MADRID,87
MARIHATAG,87
SAN AGUSTIN,87
SAN MIGUEL,87
TAGBINA,87
TAGO,87
CITY OF TANDAG (Capital),87
BASILISA (RIZAL),88
CAGDIANAO,88
DINAGAT,88
LIBJO (ALBOR),88
LORETO,88
SAN JOSE (Capital),88
TUBAJON,88
BACOLOD CITY (Capital),89
BAGO CITY,89
BINALBAGAN,89
CADIZ CITY,89
CALATRAVA,89
CANDONI,89
CAUAYAN,89
ENRIQUE B. MAGALONA (SARAVIA),89
CITY OF ESCALANTE,89
CITY OF HIMAMAYLAN,89
HINIGARAN,89
HINOBA-AN (ASIA),89
ILOG,89
ISABELA,89
CITY OF KABANKALAN,89
LA CARLOTA CITY,89
LA CASTELLANA,89
MANAPLA,89
MOISES PADILLA (MAGALLON),89
MURCIA,89
PONTEVEDRA,89
PULUPANDAN,89
SAGAY CITY,89
SAN CARLOS CITY,89
SAN ENRIQUE,89
SILAY CITY,89
CITY OF SIPALAY,89
CITY OF TALISAY,89
TOBOSO,89
VALLADOLID,89
CITY OF VICTORIAS,89
SALVADOR BENEDICTO,89
AMLAN (AYUQUITAN),90
AYUNGON,90
BACONG,90
BAIS CITY,90
BASAY,90
CITY OF BAYAWAN (TULONG),90
BINDOY (PAYABON),90
CANLAON CITY,90
DAUIN,90
DUMAGUETE CITY (Capital),90
CITY OF GUIHULNGAN,90
JIMALALUD,90
LA LIBERTAD,90
MABINAY,90
MANJUYOD,90
PAMPLONA,90
SAN JOSE,90
SANTA CATALINA,90
SIATON,90
SIBULAN,90
CITY OF TANJAY,90
TAYASAN,90
VALENCIA (LUZURRIAGA),90
VALLEHERMOSO,90
ZAMBOANGUITA,90
